{"cameraMode":{"drawMode":0,"name":"Shaded","section":"Shading Mode"},"sceneLighting":false,"audioPlay":false,"sceneViewState":{"m_AlwaysRefresh":false,"showFog":false,"showSkybox":false,"showFlares":false,"showImageEffects":false,"showParticleSystems":false,"showVisualEffectGraphs":true,"m_FxEnabled":true},"in2DMode":false,"pivot":{"x":-0.16172248125076295,"y":0.9510884284973145,"z":0.010224491357803345},"rotation":{"x":-0.02813141979277134,"y":-0.9664503931999207,"z":0.22526498138904572,"w":-0.12056083977222443},"size":1.490220546722412,"orthographic":false}