{"cameraMode":{"drawMode":0,"name":"Shaded","section":"Shading Mode"},"sceneLighting":false,"audioPlay":false,"sceneViewState":{"m_AlwaysRefresh":false,"showFog":false,"showSkybox":false,"showFlares":false,"showImageEffects":false,"showParticleSystems":false,"showVisualEffectGraphs":true,"m_FxEnabled":true},"in2DMode":false,"pivot":{"x":0.5682299733161926,"y":1.1701440811157227,"z":0.018823111429810525},"rotation":{"x":-0.002874123165383935,"y":-0.9914023280143738,"z":0.12961271405220033,"w":-0.021922510117292405},"size":0.9977173209190369,"orthographic":false}