{"cameraMode":{"drawMode":0,"name":"Shaded","section":"Shading Mode"},"sceneLighting":true,"audioPlay":false,"sceneViewState":{"m_AlwaysRefresh":false,"showFog":true,"showSkybox":true,"showFlares":true,"showImageEffects":true,"showParticleSystems":true,"showVisualEffectGraphs":true,"m_FxEnabled":true},"in2DMode":false,"pivot":{"x":29.040546417236329,"y":-20.119611740112306,"z":14.396278381347657},"rotation":{"x":-0.24456436932086945,"y":-0.5087571740150452,"z":0.15269677340984345,"w":-0.8118427395820618},"size":23.441707611083986,"orthographic":false}