{"cameraMode":{"drawMode":0,"name":"Shaded","section":"Shading Mode"},"sceneLighting":true,"audioPlay":false,"sceneViewState":{"m_AlwaysRefresh":false,"showFog":true,"showSkybox":true,"showFlares":true,"showImageEffects":true,"showParticleSystems":true,"showVisualEffectGraphs":true,"m_FxEnabled":true},"in2DMode":false,"pivot":{"x":4.492269992828369,"y":-0.31513503193855288,"z":0.1937299370765686},"rotation":{"x":-0.14018180966377259,"y":-0.5889317393302918,"z":0.10393069684505463,"w":-0.7897735238075256},"size":6.834915637969971,"orthographic":false}