{"cameraMode":{"drawMode":0,"name":"Shaded","section":"Shading Mode"},"sceneLighting":false,"audioPlay":false,"sceneViewState":{"m_AlwaysRefresh":false,"showFog":false,"showSkybox":false,"showFlares":false,"showImageEffects":false,"showParticleSystems":false,"showVisualEffectGraphs":true,"m_FxEnabled":true},"in2DMode":false,"pivot":{"x":-0.13310492038726808,"y":0.8614527583122253,"z":-1.8519856929779053},"rotation":{"x":-0.015769779682159425,"y":0.9805386066436768,"z":-0.08848653733730316,"w":-0.17467805743217469},"size":1.490220546722412,"orthographic":false}