{"cameraMode":{"drawMode":0,"name":"Shaded","section":"Shading Mode"},"sceneLighting":false,"audioPlay":false,"sceneViewState":{"m_AlwaysRefresh":false,"showFog":false,"showSkybox":false,"showFlares":false,"showImageEffects":false,"showParticleSystems":false,"showVisualEffectGraphs":true,"m_FxEnabled":true},"in2DMode":false,"pivot":{"x":-0.16172266006469727,"y":0.9510884284973145,"z":0.05041298270225525},"rotation":{"x":-0.06572671234607697,"y":-0.9340269565582275,"z":0.26050978899002077,"w":-0.23562182486057282},"size":1.503764033317566,"orthographic":false}