{"cameraMode":{"drawMode":0,"name":"Shaded","section":"Shading Mode"},"sceneLighting":false,"audioPlay":false,"sceneViewState":{"m_AlwaysRefresh":false,"showFog":false,"showSkybox":false,"showFlares":false,"showImageEffects":false,"showParticleSystems":false,"showVisualEffectGraphs":true,"m_FxEnabled":true},"in2DMode":false,"pivot":{"x":-0.16172248125076295,"y":0.9510884284973145,"z":0.08127036690711975},"rotation":{"x":-0.012981505133211613,"y":-0.9777024984359741,"z":0.20065896213054658,"w":-0.06524268537759781},"size":1.5103408098220826,"orthographic":false}