{"cameraMode":{"drawMode":0,"name":"Shaded","section":"Shading Mode"},"sceneLighting":false,"audioPlay":false,"sceneViewState":{"m_AlwaysRefresh":false,"showFog":false,"showSkybox":false,"showFlares":false,"showImageEffects":false,"showParticleSystems":false,"showVisualEffectGraphs":true,"m_FxEnabled":true},"in2DMode":false,"pivot":{"x":0.11879195272922516,"y":1.101651668548584,"z":-1.9042271375656129},"rotation":{"x":-0.0024035018868744375,"y":-0.997514009475708,"z":0.05791957676410675,"w":-0.04103066399693489},"size":1.530087947845459,"orthographic":false}