{"cameraMode":{"drawMode":0,"name":"Shaded","section":"Shading Mode"},"sceneLighting":false,"audioPlay":false,"sceneViewState":{"m_AlwaysRefresh":false,"showFog":false,"showSkybox":false,"showFlares":false,"showImageEffects":false,"showParticleSystems":false,"showVisualEffectGraphs":true,"m_FxEnabled":true},"in2DMode":false,"pivot":{"x":-0.16172248125076295,"y":0.9510884284973145,"z":0.010224491357803345},"rotation":{"x":-0.006211519706994295,"y":-0.9838196039199829,"z":0.17597661912441255,"w":-0.034552428871393207},"size":1.3591184616088868,"orthographic":false}