{"cameraMode":{"drawMode":0,"name":"Shaded","section":"Shading Mode"},"sceneLighting":false,"audioPlay":false,"sceneViewState":{"m_AlwaysRefresh":false,"showFog":false,"showSkybox":false,"showFlares":false,"showImageEffects":false,"showParticleSystems":false,"showVisualEffectGraphs":true,"m_FxEnabled":true},"in2DMode":false,"pivot":{"x":-0.4729340374469757,"y":0.7834750413894653,"z":-1.5337692499160767},"rotation":{"x":0.007215161807835102,"y":-0.9798871874809265,"z":0.19659504294395448,"w":0.036173488944768909},"size":1.503764033317566,"orthographic":false}