{"cameraMode":{"drawMode":0,"name":"Shaded","section":"Shading Mode"},"sceneLighting":false,"audioPlay":false,"sceneViewState":{"m_AlwaysRefresh":false,"showFog":false,"showSkybox":false,"showFlares":false,"showImageEffects":false,"showParticleSystems":false,"showVisualEffectGraphs":true,"m_FxEnabled":true},"in2DMode":false,"pivot":{"x":-0.2510969936847687,"y":1.429193139076233,"z":0.6468148231506348},"rotation":{"x":0.00808716844767332,"y":0.9914504289627075,"z":-0.07549558579921723,"w":0.10619480162858963},"size":0.8934659957885742,"orthographic":false}