{"cameraMode":{"drawMode":0,"name":"Shaded","section":"Shading Mode"},"sceneLighting":false,"audioPlay":false,"sceneViewState":{"m_AlwaysRefresh":false,"showFog":false,"showSkybox":false,"showFlares":false,"showImageEffects":false,"showParticleSystems":false,"showVisualEffectGraphs":true,"m_FxEnabled":true},"in2DMode":false,"pivot":{"x":0.16485004127025605,"y":1.7194039821624756,"z":2.0327417850494386},"rotation":{"x":0.021889658644795419,"y":-0.9731055498123169,"z":0.2043643742799759,"w":0.10442060977220535},"size":0.9361847043037415,"orthographic":false}