{"cameraMode":{"drawMode":0,"name":"Shaded","section":"Shading Mode"},"sceneLighting":false,"audioPlay":false,"sceneViewState":{"m_AlwaysRefresh":false,"showFog":false,"showSkybox":false,"showFlares":false,"showImageEffects":false,"showParticleSystems":false,"showVisualEffectGraphs":true,"m_FxEnabled":true},"in2DMode":false,"pivot":{"x":-0.33930522203445437,"y":1.9123896360397339,"z":0.5032596588134766},"rotation":{"x":0.001154061290435493,"y":-0.9963760375976563,"z":-0.013953247107565403,"w":-0.08500616252422333},"size":1.2508151531219483,"orthographic":false}