{"cameraMode":{"drawMode":0,"name":"Shaded","section":"Shading Mode"},"sceneLighting":false,"audioPlay":false,"sceneViewState":{"m_AlwaysRefresh":false,"showFog":false,"showSkybox":false,"showFlares":false,"showImageEffects":false,"showParticleSystems":false,"showVisualEffectGraphs":true,"m_FxEnabled":true},"in2DMode":false,"pivot":{"x":-0.07449409365653992,"y":2.4492416381835939,"z":4.970563888549805},"rotation":{"x":0.0011520552216097713,"y":0.9957996010780335,"z":-0.09086903929710388,"w":0.012651199474930764},"size":0.47396430373191836,"orthographic":false}